{"0.0--1415.4671630859":{"y":1129.9700927734,"z":226.04920959473,"time":"perm","x":-1415.4671630859,"heading":0.0,"prophash":-544132417},"0.0--1447.3453369141":{"y":1198.0681152344,"z":226.84693908691,"time":"perm","x":-1447.3453369141,"heading":0.0,"prophash":-544132417},"38.0--3934.0407714844":{"y":-2154.1877441406,"z":-3.2295255661011,"time":"perm","x":-3934.0407714844,"heading":38.0,"prophash":-705588077},"0.0--1580.1065673828":{"y":3173.1091308594,"z":479.96774291992,"time":"perm","x":-1580.1065673828,"heading":0.0,"prophash":905954603},"0.0--1442.0205078125":{"y":1209.1439208984,"z":226.79873657227,"time":"perm","x":-1442.0205078125,"heading":0.0,"prophash":-544132417},"0.0--1521.935546875":{"y":-308.44885253906,"z":142.88299560547,"time":"perm","x":-1521.935546875,"heading":0.0,"prophash":1408389394},"34.0-794.21881103516":{"y":1777.5173339844,"z":281.86242675781,"time":"perm","x":794.21881103516,"heading":34.0,"prophash":-228408181},"96.0--269.53732299805":{"y":802.54962158203,"z":119.88109588623,"time":"perm","x":-269.53732299805,"heading":96.0,"prophash":-965956337},"0.0--1412.2377929688":{"y":1182.5509033203,"z":225.96527099609,"time":"perm","x":-1412.2377929688,"heading":0.0,"prophash":-544132417},"13.0--311.26217651367":{"y":797.70593261719,"z":119.52210235596,"time":"perm","x":-311.26217651367,"heading":13.0,"prophash":532045889},"0.0--1420.0035400391":{"y":1198.8111572266,"z":225.89329528809,"time":"perm","x":-1420.0035400391,"heading":0.0,"prophash":-544132417},"0.0--1439.0574951172":{"y":1187.1176757813,"z":226.99197387695,"time":"perm","x":-1439.0574951172,"heading":0.0,"prophash":-544132417},"0.0--281.92269897461":{"y":799.33239746094,"z":119.47964477539,"time":"perm","x":-281.92269897461,"heading":0.0,"prophash":-1400017352},"103.0--1524.4555664063":{"y":-303.5661315918,"z":142.88772583008,"time":"perm","x":-1524.4555664063,"heading":103.0,"prophash":-570685890},"-107.0--1547.6843261719":{"y":-307.83187866211,"z":152.69424438477,"time":"perm","x":-1547.6843261719,"heading":-107.0,"prophash":274401399},"33.0--1540.6800537109":{"y":-327.06408691406,"z":148.64462280273,"time":"perm","x":-1540.6800537109,"heading":33.0,"prophash":1109801110},"0.0--1426.3408203125":{"y":1187.6284179688,"z":226.02673339844,"time":"perm","x":-1426.3408203125,"heading":0.0,"prophash":-544132417},"0.0--1419.5643310547":{"y":1168.3612060547,"z":226.90794372559,"time":"perm","x":-1419.5643310547,"heading":0.0,"prophash":-544132417},"0.0--1424.63671875":{"y":1177.1635742188,"z":226.77033996582,"time":"perm","x":-1424.63671875,"heading":0.0,"prophash":-544132417},"141.0--3951.2878417969":{"y":-2149.6674804688,"z":-4.5201029777527,"time":"perm","x":-3951.2878417969,"heading":141.0,"prophash":-35643824},"90.0--3954.275390625":{"y":-2143.2202148438,"z":-4.5396709442139,"time":"perm","x":-3954.275390625,"heading":90.0,"prophash":261622973},"114.0-793.72662353516":{"y":1777.3190917969,"z":281.90777587891,"time":"perm","x":793.72662353516,"heading":114.0,"prophash":925687109},"0.0--1432.6790771484":{"y":1180.1156005859,"z":227.07133483887,"time":"perm","x":-1432.6790771484,"heading":0.0,"prophash":-544132417},"0.0--1432.9808349609":{"y":1204.1926269531,"z":226.69232177734,"time":"perm","x":-1432.9808349609,"heading":0.0,"prophash":-544132417},"180.0-3287.87890625":{"y":-1304.7630615234,"z":43.286903381348,"time":"perm","x":3287.87890625,"heading":180.0,"prophash":-1043434543},"0.0--1519.3010253906":{"y":-307.23764038086,"z":142.7352142334,"time":"perm","x":-1519.3010253906,"heading":0.0,"prophash":831224990},"-62.0--1520.9213867188":{"y":-303.74249267578,"z":142.80656433105,"time":"perm","x":-1520.9213867188,"heading":-62.0,"prophash":558436082},"0.0--1410.1795654297":{"y":1206.5568847656,"z":223.13641357422,"time":"perm","x":-1410.1795654297,"heading":0.0,"prophash":-544132417},"25.0--3967.3430175781":{"y":-2122.2202148438,"z":-4.4716792106628,"time":"perm","x":-3967.3430175781,"heading":25.0,"prophash":-274241402},"-58.0--3950.4753417969":{"y":-2132.1999511719,"z":-3.7820453643799,"time":"perm","x":-3950.4753417969,"heading":-58.0,"prophash":1480690756},"-136.0--1552.3780517578":{"y":-303.31069946289,"z":154.09739685059,"time":"perm","x":-1552.3780517578,"heading":-136.0,"prophash":-892155788},"90.0--272.90701293945":{"y":775.81481933594,"z":119.49304199219,"time":"perm","x":-272.90701293945,"heading":90.0,"prophash":-965956337},"19.0--1533.9434814453":{"y":-324.91009521484,"z":149.94432067871,"time":"perm","x":-1533.9434814453,"heading":19.0,"prophash":-965956337},"17.0--1528.962890625":{"y":-323.17611694336,"z":150.28825378418,"time":"perm","x":-1528.962890625,"heading":17.0,"prophash":-965956337},"0.0--1424.4482421875":{"y":1213.125,"z":224.17561340332,"time":"perm","x":-1424.4482421875,"heading":0.0,"prophash":-544132417},"0.0--1415.5531005859":{"y":1129.8771972656,"z":226.0791015625,"time":"perm","x":-1415.5531005859,"heading":0.0,"prophash":-544132417},"-14.0--1525.5989990234":{"y":-314.91354370117,"z":143.19436645508,"time":"perm","x":-1525.5989990234,"heading":-14.0,"prophash":1177701041},"0.0--1522.1818847656":{"y":-309.56036376953,"z":142.84539794922,"time":"perm","x":-1522.1818847656,"heading":0.0,"prophash":1239214655},"0.0--1518.2229003906":{"y":-307.98211669922,"z":142.80459594727,"time":"perm","x":-1518.2229003906,"heading":0.0,"prophash":1567452883},"0.0--1408.5698242188":{"y":1195.4886474609,"z":225.55842590332,"time":"perm","x":-1408.5698242188,"heading":0.0,"prophash":-544132417},"185.0--1523.4041748047":{"y":-306.08129882813,"z":142.88417053223,"time":"perm","x":-1523.4041748047,"heading":185.0,"prophash":-455186499},"0.0--1416.6727294922":{"y":1215.8430175781,"z":222.75677490234,"time":"perm","x":-1416.6727294922,"heading":0.0,"prophash":-544132417}}